<mxGraphModel>
  <root>
    <mxCell id="5de43513-c9d7-7a20-0a4f-4766d2c75f4a"/>
    <mxCell id="b4185dfb-67c4-f38a-fd5d-8c6d897ecf60" parent="5de43513-c9d7-7a20-0a4f-4766d2c75f4a"/>
    <start label="v1.0" id="d1f0cd92-95fd-35de-77c3-ed50279a6ae1">
      <mxCell style="image;image=images/symbols/event.png" parent="b4185dfb-67c4-f38a-fd5d-8c6d897ecf60" vertex="1">
        <mxGeometry x="54" y="90.5" width="25" height="25" as="geometry"/>
      </mxCell>
    </start>
    <task label="Quotes Queue" file="false" id="bb3d82f5-99db-6dbf-0c9c-5080d0400f82">
      <mxCell style="rectangle" parent="b4185dfb-67c4-f38a-fd5d-8c6d897ecf60" vertex="1">
        <mxGeometry x="360" y="82.5" width="80" height="40" as="geometry"/>
      </mxCell>
    </task>
    <mxCell id="233a2629-026a-c734-c7ea-45c6fc82fd61" value="" parent="b4185dfb-67c4-f38a-fd5d-8c6d897ecf60" source="3b7fe973-1ef7-147c-6b83-6a28fce67d45" target="bb3d82f5-99db-6dbf-0c9c-5080d0400f82" edge="1">
      <mxGeometry relative="1" as="geometry"/>
    </mxCell>
    <rule name="sendEmail" properties="{&quot;properties.to&quot;:&quot;${from}&quot;,&quot;properties.subject&quot;:&quot;&#39;&#39;&quot;,&quot;properties.from&quot;:&quot;&quot;,&quot;properties.inReplyTo&quot;:&quot;&quot;,&quot;properties.html&quot;:&quot;true&quot;,&quot;properties.sms&quot;:&quot;false&quot;,&quot;properties.body&quot;:&quot;&#39;&#39;&quot;,&quot;properties.attachSource&quot;:&quot;false&quot;,&quot;properties.attachAttachments&quot;:&quot;false&quot;,&quot;properties.attachPdf&quot;:&quot;false&quot;,&quot;properties.attachLinks&quot;:&quot;false&quot;,&quot;properties.index&quot;:&quot;&quot;}" label="Email Received Notification" id="3b7fe973-1ef7-147c-6b83-6a28fce67d45">
      <mxCell style="image;image=images/send_email.png" parent="b4185dfb-67c4-f38a-fd5d-8c6d897ecf60" vertex="1">
        <mxGeometry x="183" y="84" width="38" height="38" as="geometry"/>
      </mxCell>
    </rule>
    <mxCell id="648cdcfe-3efc-3e2e-e7c1-312abdb4eda8" value="" parent="b4185dfb-67c4-f38a-fd5d-8c6d897ecf60" source="d1f0cd92-95fd-35de-77c3-ed50279a6ae1" target="3b7fe973-1ef7-147c-6b83-6a28fce67d45" edge="1">
      <mxGeometry relative="1" as="geometry">
        <mxPoint x="133" y="102.5" as="sourcePoint"/>
        <mxPoint x="266" y="102.5" as="targetPoint"/>
      </mxGeometry>
    </mxCell>
    <version label="0.8" docid="40697" date="Mon Jun 19 2017 15:08:29 GMT+0200 (SAST)" docId="40697" id="1dff46a6-9165-9a7b-d2ef-8a5de87f0fcf">
      <mxCell parent="b4185dfb-67c4-f38a-fd5d-8c6d897ecf60" vertex="1" connectable="0">
        <mxGeometry x="5" y="5" width="40" height="20" as="geometry"/>
      </mxCell>
    </version>
    <form label="Take Quote" node="" menu="Workflow" currentusersonly="false" documentbased="true" id="0590a204-cb21-7052-bb01-42bea852a88e">


                  <audit audit="" description=""/>


                  <status status="" field="workflow_status"/>
      <mxCell style="image;image=images/form.png" parent="b4185dfb-67c4-f38a-fd5d-8c6d897ecf60" vertex="1">
        <mxGeometry x="576" y="78.5" width="48" height="48" as="geometry"/>
      </mxCell>
    </form>
    <mxCell id="0d7cf068-2be1-4995-5797-1841b6ee0c68" value="" parent="b4185dfb-67c4-f38a-fd5d-8c6d897ecf60" source="bb3d82f5-99db-6dbf-0c9c-5080d0400f82" target="0590a204-cb21-7052-bb01-42bea852a88e" edge="1">
      <mxGeometry relative="1" as="geometry"/>
    </mxCell>
    <party label="Consultant" to="${sessionUser}" instruction="" allocationmethod="Original Recipient" groupdistribution="Rotational" id="cf53cf14-6cdf-a3f9-45b7-cf4c1d91cde1">
      <mxCell style="image;image=images/user.png" parent="b4185dfb-67c4-f38a-fd5d-8c6d897ecf60" vertex="1">
        <mxGeometry x="864" y="78.5" width="48" height="48" as="geometry"/>
      </mxCell>
    </party>
    <rule name="sendEmail" properties="{&quot;properties.to&quot;:&quot;${from}&quot;,&quot;properties.subject&quot;:&quot;&#39;&#39;&quot;,&quot;properties.from&quot;:&quot;&quot;,&quot;properties.inReplyTo&quot;:&quot;&quot;,&quot;properties.html&quot;:&quot;true&quot;,&quot;properties.sms&quot;:&quot;false&quot;,&quot;properties.body&quot;:&quot;&#39;&#39;&quot;,&quot;properties.attachSource&quot;:&quot;false&quot;,&quot;properties.attachAttachments&quot;:&quot;false&quot;,&quot;properties.attachPdf&quot;:&quot;false&quot;,&quot;properties.attachLinks&quot;:&quot;false&quot;,&quot;properties.index&quot;:&quot;&quot;}" label="Email Taken" id="35ec2d95-ecc1-9d63-a1e9-f5c9a9db896c">
      <mxCell style="image;image=images/send_email.png" parent="b4185dfb-67c4-f38a-fd5d-8c6d897ecf60" vertex="1">
        <mxGeometry x="729" y="83.5" width="38" height="38" as="geometry"/>
      </mxCell>
    </rule>
    <mxCell id="35c50413-0639-1770-2706-5d4e0dca7c06" value="" parent="b4185dfb-67c4-f38a-fd5d-8c6d897ecf60" source="0590a204-cb21-7052-bb01-42bea852a88e" target="35ec2d95-ecc1-9d63-a1e9-f5c9a9db896c" edge="1">
      <mxGeometry relative="1" as="geometry"/>
    </mxCell>
    <mxCell id="89018ea1-3897-a319-7680-1ca37ec5d803" value="" parent="b4185dfb-67c4-f38a-fd5d-8c6d897ecf60" source="35ec2d95-ecc1-9d63-a1e9-f5c9a9db896c" target="cf53cf14-6cdf-a3f9-45b7-cf4c1d91cde1" edge="1">
      <mxGeometry relative="1" as="geometry"/>
    </mxCell>
    <form label="Query with Broker" id="762e656f-6e7b-3b2d-83e1-ec21bbc3fd6f">
      <mxCell style="image;image=images/form.png" parent="b4185dfb-67c4-f38a-fd5d-8c6d897ecf60" vertex="1">
        <mxGeometry x="1025" y="79" width="48" height="48" as="geometry"/>
      </mxCell>
    </form>
    <mxCell id="42d00ffc-31cf-6289-19d6-5806b86e24f4" value="" parent="b4185dfb-67c4-f38a-fd5d-8c6d897ecf60" source="cf53cf14-6cdf-a3f9-45b7-cf4c1d91cde1" target="762e656f-6e7b-3b2d-83e1-ec21bbc3fd6f" edge="1">
      <mxGeometry relative="1" as="geometry"/>
    </mxCell>
    <form label="Duplicate" id="a536fac8-8317-3a15-cdc5-8ec0848debd3">
      <mxCell style="image;image=images/form.png" parent="b4185dfb-67c4-f38a-fd5d-8c6d897ecf60" vertex="1">
        <mxGeometry x="1025" y="255" width="48" height="48" as="geometry"/>
      </mxCell>
    </form>
    <mxCell id="68865ad5-be5f-4ba4-7400-d17c07bc57f9" value="" parent="b4185dfb-67c4-f38a-fd5d-8c6d897ecf60" source="cf53cf14-6cdf-a3f9-45b7-cf4c1d91cde1" target="a536fac8-8317-3a15-cdc5-8ec0848debd3" edge="1">
      <mxGeometry relative="1" as="geometry">
        <Array as="points">
          <mxPoint x="885" y="279"/>
        </Array>
      </mxGeometry>
    </mxCell>
    <form label="Book In" id="b5ae5dbb-8b93-d4ad-1134-f923e3ba171d">
      <mxCell style="image;image=images/form.png" parent="b4185dfb-67c4-f38a-fd5d-8c6d897ecf60" vertex="1">
        <mxGeometry x="1025" y="417" width="48" height="48" as="geometry"/>
      </mxCell>
    </form>
    <mxCell id="6811cd44-f5e1-df0c-9e1e-86aec6300c82" value="" parent="b4185dfb-67c4-f38a-fd5d-8c6d897ecf60" source="cf53cf14-6cdf-a3f9-45b7-cf4c1d91cde1" target="b5ae5dbb-8b93-d4ad-1134-f923e3ba171d" edge="1">
      <mxGeometry relative="1" as="geometry">
        <Array as="points">
          <mxPoint x="885" y="441"/>
        </Array>
      </mxGeometry>
    </mxCell>
    <task label="Pending Brokers feedback" file="false" id="320f8b87-9de8-d852-1064-ecbb964cd2c9">
      <mxCell style="rectangle" parent="b4185dfb-67c4-f38a-fd5d-8c6d897ecf60" vertex="1">
        <mxGeometry x="1228" y="83" width="80" height="40" as="geometry"/>
      </mxCell>
    </task>
    <mxCell id="110b4491-66f0-23ec-cc7a-cf02cb069de7" value="" parent="b4185dfb-67c4-f38a-fd5d-8c6d897ecf60" source="762e656f-6e7b-3b2d-83e1-ec21bbc3fd6f" target="320f8b87-9de8-d852-1064-ecbb964cd2c9" edge="1">
      <mxGeometry relative="1" as="geometry"/>
    </mxCell>
    <rule name="file" properties="{}" label="File" id="c57358d7-5c95-2142-7c66-3b8307b5b09f">
      <mxCell style="image;image=images/file.png" parent="b4185dfb-67c4-f38a-fd5d-8c6d897ecf60" vertex="1">
        <mxGeometry x="1230" y="260" width="38" height="38" as="geometry"/>
      </mxCell>
    </rule>
    <mxCell id="1224161c-70e7-9598-8004-fe5c9c056327" value="" parent="b4185dfb-67c4-f38a-fd5d-8c6d897ecf60" source="a536fac8-8317-3a15-cdc5-8ec0848debd3" target="c57358d7-5c95-2142-7c66-3b8307b5b09f" edge="1">
      <mxGeometry relative="1" as="geometry"/>
    </mxCell>
    <event label="Document.response" async="false" id="fbf9960f-5cb7-c85b-165e-6431c2967ede">
      <mxCell style="image;image=images/symbols/rule.png" parent="b4185dfb-67c4-f38a-fd5d-8c6d897ecf60" vertex="1">
        <mxGeometry x="1458" y="87" width="32" height="32" as="geometry"/>
      </mxCell>
    </event>
    <mxCell id="9eb9263d-02a5-ef1e-5650-bedb2c7e84c7" value="" parent="b4185dfb-67c4-f38a-fd5d-8c6d897ecf60" source="320f8b87-9de8-d852-1064-ecbb964cd2c9" target="fbf9960f-5cb7-c85b-165e-6431c2967ede" edge="1">
      <mxGeometry relative="1" as="geometry"/>
    </mxCell>
    <party label="Consultant" to="${pastUsers}" instruction="" allocationmethod="Original Recipient" groupdistribution="Rotational" id="ab98fbd2-6220-d409-42de-8c552c3a81b2">
      <mxCell style="image;image=images/user.png" parent="b4185dfb-67c4-f38a-fd5d-8c6d897ecf60" vertex="1">
        <mxGeometry x="1632" y="79" width="48" height="48" as="geometry"/>
      </mxCell>
    </party>
    <mxCell id="df20dac1-87b0-0730-caf3-250999173c6d" value="" parent="b4185dfb-67c4-f38a-fd5d-8c6d897ecf60" source="fbf9960f-5cb7-c85b-165e-6431c2967ede" target="ab98fbd2-6220-d409-42de-8c552c3a81b2" edge="1">
      <mxGeometry relative="1" as="geometry"/>
    </mxCell>
    <mxCell id="1a2574f8-68e8-6a7e-62c0-c3ba87ecc476" value="" parent="b4185dfb-67c4-f38a-fd5d-8c6d897ecf60" source="ab98fbd2-6220-d409-42de-8c552c3a81b2" target="a536fac8-8317-3a15-cdc5-8ec0848debd3" edge="1">
      <mxGeometry relative="1" as="geometry">
        <Array as="points">
          <mxPoint x="1656" y="195"/>
          <mxPoint x="1049" y="195"/>
        </Array>
      </mxGeometry>
    </mxCell>
    <mxCell id="b06101e0-af54-258e-da0a-11ce48490abc" value="" parent="b4185dfb-67c4-f38a-fd5d-8c6d897ecf60" source="ab98fbd2-6220-d409-42de-8c552c3a81b2" target="b5ae5dbb-8b93-d4ad-1134-f923e3ba171d" edge="1">
      <mxGeometry relative="1" as="geometry">
        <Array as="points">
          <mxPoint x="1656" y="441"/>
        </Array>
      </mxGeometry>
    </mxCell>
    <party label="Consultant" to="${sessionUser}" instruction="" allocationmethod="Original Recipient" groupdistribution="Rotational" id="1797f3bd-65ff-ff8b-c674-e7a405590c36">
      <mxCell style="image;image=images/user.png" vertex="1" parent="b4185dfb-67c4-f38a-fd5d-8c6d897ecf60">
        <mxGeometry x="1025" y="615" width="48" height="48" as="geometry"/>
      </mxCell>
    </party>
    <mxCell id="2585eddd-d5d1-6638-7aed-af62cbe59be1" value="" edge="1" parent="b4185dfb-67c4-f38a-fd5d-8c6d897ecf60" source="b5ae5dbb-8b93-d4ad-1134-f923e3ba171d" target="1797f3bd-65ff-ff8b-c674-e7a405590c36">
      <mxGeometry relative="1" as="geometry"/>
    </mxCell>
    <form label="Complete" id="6dce0d5d-1ae5-4dba-0275-cfb01c5c30dd">
      <mxCell style="image;image=images/form.png" vertex="1" parent="b4185dfb-67c4-f38a-fd5d-8c6d897ecf60">
        <mxGeometry x="1025" y="732" width="48" height="48" as="geometry"/>
      </mxCell>
    </form>
    <mxCell id="7357a7e7-6dc4-dd43-ebf7-06104b516dd4" value="" edge="1" parent="b4185dfb-67c4-f38a-fd5d-8c6d897ecf60" source="1797f3bd-65ff-ff8b-c674-e7a405590c36" target="6dce0d5d-1ae5-4dba-0275-cfb01c5c30dd">
      <mxGeometry relative="1" as="geometry"/>
    </mxCell>
    <end id="fc40fb36-9389-ca85-edff-f04f0fec5cea">
      <mxCell style="image;image=images/symbols/terminate.png" vertex="1" parent="b4185dfb-67c4-f38a-fd5d-8c6d897ecf60">
        <mxGeometry x="1036.5" y="852" width="25" height="25" as="geometry"/>
      </mxCell>
    </end>
    <mxCell id="35a54f0d-0da9-d28c-80eb-8b91c81fe80e" value="" edge="1" parent="b4185dfb-67c4-f38a-fd5d-8c6d897ecf60" source="6dce0d5d-1ae5-4dba-0275-cfb01c5c30dd" target="fc40fb36-9389-ca85-edff-f04f0fec5cea">
      <mxGeometry relative="1" as="geometry"/>
    </mxCell>
  </root>
</mxGraphModel>
