<mxGraphModel>
  <root>
    <mxCell id="b72fdf7e-9857-ab0c-dca1-a5dcb4ec98fd"/>
    <mxCell id="3b3b7a6f-09b0-1dc4-a35f-bc6d33b0354d" parent="b72fdf7e-9857-ab0c-dca1-a5dcb4ec98fd"/>
    <start label="v1.1" id="ea53b5a1-45d9-f217-00d8-5a7d2ec82789">
      <mxCell style="image;image=images/symbols/event.png" parent="3b3b7a6f-09b0-1dc4-a35f-bc6d33b0354d" vertex="1">
        <mxGeometry x="25" y="117" width="25" height="25" as="geometry"/>
      </mxCell>
    </start>
    <party label="Consultant" to="${consultant}" instruction="" allocationmethod="New Recipient" groupdistribution="Rotational" id="7c68c4f7-fef2-f450-1cca-31fbde70ec35">
      <mxCell style="image;image=images/user.png" parent="3b3b7a6f-09b0-1dc4-a35f-bc6d33b0354d" vertex="1">
        <mxGeometry x="658" y="105.5" width="48" height="48" as="geometry"/>
      </mxCell>
    </party>
    <form label="Book In" node="" menu="Workflow" currentusersonly="true" documentbased="false" id="06a26e23-4df8-2304-ac84-ca0327a492ae">
















                                                                                                      <audit audit="${consultant?} book in" description=""/>
















                                                                                                      <status status="Pending Completion" field="workflow_status"/>
      <mxCell style="image;image=images/form.png" parent="3b3b7a6f-09b0-1dc4-a35f-bc6d33b0354d" vertex="1">
        <mxGeometry x="768" y="105.5" width="48" height="48" as="geometry"/>
      </mxCell>
    </form>
    <mxCell id="45bb3090-f7a8-ad83-5a47-82d6b78c44d6" value="" parent="3b3b7a6f-09b0-1dc4-a35f-bc6d33b0354d" source="7c68c4f7-fef2-f450-1cca-31fbde70ec35" target="06a26e23-4df8-2304-ac84-ca0327a492ae" edge="1">
      <mxGeometry relative="1" as="geometry"/>
    </mxCell>
    <form label="Existing Item" node="" menu="Workflow" currentusersonly="true" documentbased="false" id="191c7489-0420-d06c-c48c-7fb46224e551">
















                                                                                                      <audit audit="${consultant?} marked as Existing Item" description=""/>
















                                                                                                      <status status="Pending Completion" field="workflow_status"/>
      <mxCell style="image;image=images/form.png" parent="3b3b7a6f-09b0-1dc4-a35f-bc6d33b0354d" vertex="1">
        <mxGeometry x="768" y="237" width="48" height="48" as="geometry"/>
      </mxCell>
    </form>
    <form label="Duplicate" node="" menu="Workflow" currentusersonly="true" documentbased="false" id="cdb3448c-27e5-f6fb-8a7c-616202d98666">
















                                                                                                      <audit audit="${consultant?} filed as Duplicate Item" description=""/>
















                                                                                                      <status status="Duplicate Item" field="workflow_status"/>
      <mxCell style="image;image=images/form.png" parent="3b3b7a6f-09b0-1dc4-a35f-bc6d33b0354d" vertex="1">
        <mxGeometry x="768" y="390" width="48" height="48" as="geometry"/>
      </mxCell>
    </form>
    <mxCell id="e0ab8d02-6867-c341-8908-dfc7dcfa2f40" value="" parent="3b3b7a6f-09b0-1dc4-a35f-bc6d33b0354d" source="7c68c4f7-fef2-f450-1cca-31fbde70ec35" target="191c7489-0420-d06c-c48c-7fb46224e551" edge="1">
      <mxGeometry relative="1" as="geometry">
        <Array as="points">
          <mxPoint x="682" y="261"/>
        </Array>
      </mxGeometry>
    </mxCell>
    <mxCell id="aeb606d7-61ae-0591-b5b7-6861f87e25fd" value="" parent="3b3b7a6f-09b0-1dc4-a35f-bc6d33b0354d" source="7c68c4f7-fef2-f450-1cca-31fbde70ec35" target="cdb3448c-27e5-f6fb-8a7c-616202d98666" edge="1">
      <mxGeometry relative="1" as="geometry">
        <Array as="points">
          <mxPoint x="682" y="414"/>
        </Array>
      </mxGeometry>
    </mxCell>
    <form label="Reassign To Queue" node="" menu="Workflow" currentusersonly="false" documentbased="true" id="43722114-2d70-9154-6716-6e5f54d0ce67">
















                                                                                                      <audit audit="${sessionUser?} Reassigned to Group ${Amendment_Group?}" description=""/>
















                                                                                                      <status status="Pending Completion" field="workflow_status"/>
      <mxCell style="image;image=images/form.png" parent="3b3b7a6f-09b0-1dc4-a35f-bc6d33b0354d" vertex="1">
        <mxGeometry x="768" y="528" width="48" height="48" as="geometry"/>
      </mxCell>
    </form>
    <mxCell id="3a8e572b-edd5-ca84-7aee-ee95ed99b245" value="" parent="3b3b7a6f-09b0-1dc4-a35f-bc6d33b0354d" source="7c68c4f7-fef2-f450-1cca-31fbde70ec35" target="43722114-2d70-9154-6716-6e5f54d0ce67" edge="1">
      <mxGeometry relative="1" as="geometry">
        <Array as="points">
          <mxPoint x="681" y="552"/>
        </Array>
      </mxGeometry>
    </mxCell>
    <form label="Assign to&#xa;Team Leader" node="" menu="Workflow" currentusersonly="true" documentbased="false" id="2d097630-04a1-36df-42f7-ce292a116898">
















                                                                                                      <audit audit="${sessionUser} assigned to Team Leader" description=""/>
















                                                                                                      <status status="Pending additional information" field="workflow_status"/>
      <mxCell style="image;image=images/form.png" parent="3b3b7a6f-09b0-1dc4-a35f-bc6d33b0354d" vertex="1">
        <mxGeometry x="768" y="687" width="48" height="48" as="geometry"/>
      </mxCell>
    </form>
    <mxCell id="58ffa510-5681-3b19-8632-f1225a585f9e" value="" parent="3b3b7a6f-09b0-1dc4-a35f-bc6d33b0354d" source="7c68c4f7-fef2-f450-1cca-31fbde70ec35" target="2d097630-04a1-36df-42f7-ce292a116898" edge="1">
      <mxGeometry relative="1" as="geometry">
        <Array as="points">
          <mxPoint x="682" y="711"/>
        </Array>
      </mxGeometry>
    </mxCell>
    <party label="Team Leader" to="${sessionUser}" instruction="" allocationmethod="Original Recipient" groupdistribution="Rotational" id="8b8d6d73-a350-8452-f978-f411b798881f">
      <mxCell style="image;image=images/user.png" parent="3b3b7a6f-09b0-1dc4-a35f-bc6d33b0354d" vertex="1">
        <mxGeometry x="901" y="687" width="48" height="48" as="geometry"/>
      </mxCell>
    </party>
    <mxCell id="ef12cdca-f80b-bccd-826f-c46b695b29f3" value="" parent="3b3b7a6f-09b0-1dc4-a35f-bc6d33b0354d" source="2d097630-04a1-36df-42f7-ce292a116898" target="8b8d6d73-a350-8452-f978-f411b798881f" edge="1">
      <mxGeometry relative="1" as="geometry"/>
    </mxCell>
    <form label="Complete" node="" menu="Workflow" currentusersonly="true" documentbased="false" id="7de7329a-4bac-0b3f-5b3e-d10d7d6d84d0">
















                                                                                                      <audit audit="Team Leader Assigned to Consultant" description=""/>
















                                                                                                      <status status="Pending Completion" field="workflow_status"/>
      <mxCell style="image;image=images/form.png" parent="3b3b7a6f-09b0-1dc4-a35f-bc6d33b0354d" vertex="1">
        <mxGeometry x="658" y="771" width="48" height="48" as="geometry"/>
      </mxCell>
    </form>
    <mxCell id="49f532d4-f0b4-b20c-a748-6803f4d52498" value="" parent="3b3b7a6f-09b0-1dc4-a35f-bc6d33b0354d" source="8b8d6d73-a350-8452-f978-f411b798881f" target="7de7329a-4bac-0b3f-5b3e-d10d7d6d84d0" edge="1">
      <mxGeometry relative="1" as="geometry">
        <Array as="points">
          <mxPoint x="925" y="798"/>
        </Array>
      </mxGeometry>
    </mxCell>
    <mxCell id="ca008bfd-8c1e-ed0d-464b-d63768ee3a43" value="" parent="3b3b7a6f-09b0-1dc4-a35f-bc6d33b0354d" source="7de7329a-4bac-0b3f-5b3e-d10d7d6d84d0" target="7c68c4f7-fef2-f450-1cca-31fbde70ec35" edge="1">
      <mxGeometry relative="1" as="geometry"/>
    </mxCell>
    <rule name="file" label="File" id="219eeea8-fceb-2c75-3ff3-33dd30708f66">
      <mxCell style="image;image=images/file.png" parent="3b3b7a6f-09b0-1dc4-a35f-bc6d33b0354d" vertex="1">
        <mxGeometry x="906" y="321" width="38" height="38" as="geometry"/>
      </mxCell>
    </rule>
    <mxCell id="c646d121-18dc-b168-4cd3-01eefb2f73f1" value="" parent="3b3b7a6f-09b0-1dc4-a35f-bc6d33b0354d" source="cdb3448c-27e5-f6fb-8a7c-616202d98666" target="219eeea8-fceb-2c75-3ff3-33dd30708f66" edge="1">
      <mxGeometry relative="1" as="geometry"/>
    </mxCell>
    <party label="Consultant" to="${consultant}" instruction="" allocationmethod="Original Recipient" groupdistribution="Rotational" id="2a8812c3-fa50-5073-c98c-bb63de653036">
      <mxCell style="image;image=images/user.png" parent="3b3b7a6f-09b0-1dc4-a35f-bc6d33b0354d" vertex="1">
        <mxGeometry x="901" y="106" width="48" height="48" as="geometry"/>
      </mxCell>
    </party>
    <mxCell id="d4a67c75-cd2d-9420-12de-423321328009" value="" parent="3b3b7a6f-09b0-1dc4-a35f-bc6d33b0354d" source="06a26e23-4df8-2304-ac84-ca0327a492ae" target="2a8812c3-fa50-5073-c98c-bb63de653036" edge="1">
      <mxGeometry relative="1" as="geometry"/>
    </mxCell>
    <form label="Complete task" node="" menu="Workflow" currentusersonly="true" documentbased="false" id="dfe4d77f-ac00-f045-edfe-57dd5e728f99">
















                                                                                                      <audit audit="Team Leader Assigned to Consultant" description=""/>
















                                                                                                      <status status="Pending Completion" field="workflow_status"/>
      <mxCell style="image;image=images/form.png" parent="3b3b7a6f-09b0-1dc4-a35f-bc6d33b0354d" vertex="1">
        <mxGeometry x="1061" y="105.5" width="48" height="48" as="geometry"/>
      </mxCell>
    </form>
    <mxCell id="187f30e6-87b4-95ef-afc5-13b6d70d91df" value="" parent="3b3b7a6f-09b0-1dc4-a35f-bc6d33b0354d" source="2a8812c3-fa50-5073-c98c-bb63de653036" target="dfe4d77f-ac00-f045-edfe-57dd5e728f99" edge="1">
      <mxGeometry relative="1" as="geometry"/>
    </mxCell>
    <version label="0.59" docid="40645" date="Thu Jun 29 2017 15:17:55 GMT+0200 (SAST)" docId="40645" id="0552d007-efdf-43d0-7a01-b584175cdc52">
      <mxCell parent="3b3b7a6f-09b0-1dc4-a35f-bc6d33b0354d" vertex="1" connectable="0">
        <mxGeometry x="5" y="5" width="40" height="20" as="geometry"/>
      </mxCell>
    </version>
    <form label="Take Amendment" node="" menu="Workflow" currentusersonly="false" documentbased="true" id="3cf3d92f-0e0f-bc6b-77ba-b9f1a0df37b3">









                                                            <audit audit="" description=""/>









                                                            <status status="" field="workflow_status"/>
      <mxCell style="image;image=images/form.png" parent="3b3b7a6f-09b0-1dc4-a35f-bc6d33b0354d" vertex="1">
        <mxGeometry x="267" y="106" width="48" height="48" as="geometry"/>
      </mxCell>
    </form>
    <mxCell id="d01b22a5-c4f4-5ecd-8dba-76e99880c2c6" value="" parent="3b3b7a6f-09b0-1dc4-a35f-bc6d33b0354d" source="cf9248b5-30af-67b9-ebd5-4433787479b9" target="219eeea8-fceb-2c75-3ff3-33dd30708f66" edge="1">
      <mxGeometry relative="1" as="geometry"/>
    </mxCell>
    <rule name="runScript" properties="{&quot;properties.sync&quot;:&quot;false&quot;,&quot;properties.script&quot;:&quot;&quot;,&quot;properties.path&quot;:&quot;System/scripts/MoveToQueue.groovy&quot;}" label="Move to Queue" id="634d8602-9a86-e53c-5773-8965eb0f74ba">
      <mxCell style="image;image=images/script.png" parent="3b3b7a6f-09b0-1dc4-a35f-bc6d33b0354d" vertex="1">
        <mxGeometry x="906" y="533" width="38" height="38" as="geometry"/>
      </mxCell>
    </rule>
    <mxCell id="4f117235-05d6-208f-ca0f-31e4e7e4ccd9" value="" parent="3b3b7a6f-09b0-1dc4-a35f-bc6d33b0354d" source="43722114-2d70-9154-6716-6e5f54d0ce67" target="634d8602-9a86-e53c-5773-8965eb0f74ba" edge="1">
      <mxGeometry relative="1" as="geometry"/>
    </mxCell>
    <select id="1dae4889-f5af-c5b1-bf14-143248b1e0d3">
      <mxCell style="rhombus;fillColor=#CCFFCC;gradientColor=#99CC00" parent="3b3b7a6f-09b0-1dc4-a35f-bc6d33b0354d" vertex="1">
        <mxGeometry x="1209" y="105" width="50" height="50" as="geometry"/>
      </mxCell>
    </select>
    <mxCell id="4a527b29-4a39-c010-6d02-7277c2d7fe4d" value="" parent="3b3b7a6f-09b0-1dc4-a35f-bc6d33b0354d" source="dfe4d77f-ac00-f045-edfe-57dd5e728f99" target="1dae4889-f5af-c5b1-bf14-143248b1e0d3" edge="1">
      <mxGeometry relative="1" as="geometry"/>
    </mxCell>
    <rule name="sendEmail" properties="{&quot;properties.to&quot;:&quot;${from}&quot;,&quot;properties.subject&quot;:&quot;English&quot;,&quot;properties.from&quot;:&quot;&quot;,&quot;properties.inReplyTo&quot;:&quot;&quot;,&quot;properties.html&quot;:&quot;true&quot;,&quot;properties.sms&quot;:&quot;false&quot;,&quot;properties.body&quot;:&quot;&quot;,&quot;properties.attachSource&quot;:&quot;false&quot;,&quot;properties.attachAttachments&quot;:&quot;false&quot;,&quot;properties.attachPdf&quot;:&quot;false&quot;,&quot;properties.attachLinks&quot;:&quot;false&quot;,&quot;properties.index&quot;:&quot;&quot;}" label="English Email" id="a4e34328-795b-7d2f-610e-c1171318bfd9">
      <mxCell style="image;image=images/send_email.png" parent="3b3b7a6f-09b0-1dc4-a35f-bc6d33b0354d" vertex="1">
        <mxGeometry x="1325" y="47" width="38" height="38" as="geometry"/>
      </mxCell>
    </rule>
    <rule name="sendEmail" properties="{&quot;properties.to&quot;:&quot;${from}&quot;,&quot;properties.subject&quot;:&quot;Afrikaans&quot;,&quot;properties.from&quot;:&quot;&quot;,&quot;properties.inReplyTo&quot;:&quot;&quot;,&quot;properties.html&quot;:&quot;true&quot;,&quot;properties.sms&quot;:&quot;false&quot;,&quot;properties.body&quot;:&quot;&quot;,&quot;properties.attachSource&quot;:&quot;false&quot;,&quot;properties.attachAttachments&quot;:&quot;false&quot;,&quot;properties.attachPdf&quot;:&quot;false&quot;,&quot;properties.attachLinks&quot;:&quot;false&quot;,&quot;properties.index&quot;:&quot;&quot;}" label="Afrikaans Email" id="4578f3fa-51aa-1c00-fecd-0d50044d28cb">
      <mxCell style="image;image=images/send_email.png" parent="3b3b7a6f-09b0-1dc4-a35f-bc6d33b0354d" vertex="1">
        <mxGeometry x="1325" y="182" width="38" height="38" as="geometry"/>
      </mxCell>
    </rule>
    <mxCell id="59604d0f-763f-0ebc-545c-d2e541b9b0fb" value="language == &#39;English&#39;" parent="3b3b7a6f-09b0-1dc4-a35f-bc6d33b0354d" source="1dae4889-f5af-c5b1-bf14-143248b1e0d3" target="a4e34328-795b-7d2f-610e-c1171318bfd9" edge="1" label="English">
      <mxGeometry relative="1" as="geometry">
        <Array as="points">
          <mxPoint x="1234" y="66"/>
        </Array>
      </mxGeometry>
    </mxCell>
    <mxCell id="a4430ef8-de3d-debf-3893-e8458609751c" value="language != &#39;English&#39;" parent="3b3b7a6f-09b0-1dc4-a35f-bc6d33b0354d" source="1dae4889-f5af-c5b1-bf14-143248b1e0d3" target="4578f3fa-51aa-1c00-fecd-0d50044d28cb" edge="1" label="Afrikaans">
      <mxGeometry relative="1" as="geometry">
        <Array as="points">
          <mxPoint x="1234" y="201"/>
        </Array>
      </mxGeometry>
    </mxCell>
    <mxCell id="27d7ad59-678a-c99c-2b6d-f1ad08a82ce4" value="" parent="3b3b7a6f-09b0-1dc4-a35f-bc6d33b0354d" source="145a53cc-056c-6a85-b4e7-5f39cc28114e" target="7c68c4f7-fef2-f450-1cca-31fbde70ec35" edge="1">
      <mxGeometry relative="1" as="geometry"/>
    </mxCell>
    <end id="c7543ddb-a122-7095-d68f-fc83ef25c674">
      <mxCell style="image;image=images/symbols/terminate.png" parent="3b3b7a6f-09b0-1dc4-a35f-bc6d33b0354d" vertex="1">
        <mxGeometry x="1554" y="117" width="25" height="25" as="geometry"/>
      </mxCell>
    </end>
    <mxCell id="c556a650-7fc0-df1d-18cf-ffc3cd496a57" value="" parent="3b3b7a6f-09b0-1dc4-a35f-bc6d33b0354d" source="a4e34328-795b-7d2f-610e-c1171318bfd9" target="c2ecf37c-21b6-9d5a-c316-31509425c4a8" edge="1">
      <mxGeometry relative="1" as="geometry"/>
    </mxCell>
    <mxCell id="eab6a138-04b8-9d25-ab33-448c31d6f869" value="" parent="3b3b7a6f-09b0-1dc4-a35f-bc6d33b0354d" source="4578f3fa-51aa-1c00-fecd-0d50044d28cb" target="c2ecf37c-21b6-9d5a-c316-31509425c4a8" edge="1">
      <mxGeometry relative="1" as="geometry"/>
    </mxCell>
    <end id="27e0ffdd-7a1a-e825-1d34-8ccde3e1a8f8">
      <mxCell style="image;image=images/symbols/terminate.png" parent="3b3b7a6f-09b0-1dc4-a35f-bc6d33b0354d" vertex="1">
        <mxGeometry x="1161" y="432" width="25" height="25" as="geometry"/>
      </mxCell>
    </end>
    <mxCell id="91b9331b-a86d-65e2-9318-0190a52f315e" value="" parent="3b3b7a6f-09b0-1dc4-a35f-bc6d33b0354d" source="219eeea8-fceb-2c75-3ff3-33dd30708f66" target="27e0ffdd-7a1a-e825-1d34-8ccde3e1a8f8" edge="1">
      <mxGeometry relative="1" as="geometry">
        <Array as="points">
          <mxPoint x="1053" y="340"/>
          <mxPoint x="1053" y="445"/>
        </Array>
      </mxGeometry>
    </mxCell>
    <mxCell id="9da71766-d0a6-9217-0843-d75f008dfd22" value="" parent="3b3b7a6f-09b0-1dc4-a35f-bc6d33b0354d" source="634d8602-9a86-e53c-5773-8965eb0f74ba" target="27e0ffdd-7a1a-e825-1d34-8ccde3e1a8f8" edge="1">
      <mxGeometry relative="1" as="geometry">
        <Array as="points">
          <mxPoint x="1053" y="552"/>
          <mxPoint x="1053" y="445"/>
        </Array>
      </mxGeometry>
    </mxCell>
    <mxCell id="8f34af34-4bb6-f4ba-4b3e-909be7497820" value="" parent="3b3b7a6f-09b0-1dc4-a35f-bc6d33b0354d" source="ea53b5a1-45d9-f217-00d8-5a7d2ec82789" target="c419273b-c4bd-839d-bc66-377257f3e198" edge="1">
      <mxGeometry relative="1" as="geometry">
        <mxPoint x="50" y="129.5" as="sourcePoint"/>
        <mxPoint x="309" y="130" as="targetPoint"/>
        <Array as="points">
          <mxPoint x="33" y="211"/>
        </Array>
      </mxGeometry>
    </mxCell>
    <form label="Reassign To Consultant" node="" menu="Workflow" currentusersonly="false" documentbased="true" id="d94e2a61-dd3b-31ac-f2ba-e9e32dd3b80b">








                                                      <audit audit="${sessionUser} Reassigned to ${consultant?}" description=""/>








                                                      <status status="Pending Completion" field="workflow_status"/>
      <mxCell style="image;image=images/form.png" parent="3b3b7a6f-09b0-1dc4-a35f-bc6d33b0354d" vertex="1">
        <mxGeometry x="309" y="9" width="48" height="48" as="geometry"/>
      </mxCell>
    </form>
    <mxCell id="66f2b56c-6f68-aa1e-6077-edda8d2401f5" value="" parent="3b3b7a6f-09b0-1dc4-a35f-bc6d33b0354d" source="a5c1ab66-cb6e-1d4a-95b9-b06258b57aa6" target="7c68c4f7-fef2-f450-1cca-31fbde70ec35" edge="1">
      <mxGeometry relative="1" as="geometry"/>
    </mxCell>
    <rule name="runScript" properties="{&quot;properties.sync&quot;:&quot;false&quot;,&quot;properties.script&quot;:&quot;doc.metadata().set(&#39;consultant&#39;, doc.getSession().getUser().name)\ndoc.save()&quot;,&quot;properties.path&quot;:&quot;&quot;}" label="Get Consultant" id="145a53cc-056c-6a85-b4e7-5f39cc28114e">
      <mxCell style="image;image=images/script.png" parent="3b3b7a6f-09b0-1dc4-a35f-bc6d33b0354d" vertex="1">
        <mxGeometry x="514" y="111" width="38" height="38" as="geometry"/>
      </mxCell>
    </rule>
    <mxCell id="f59b0522-91e1-d709-623b-a446508cf531" value="" parent="3b3b7a6f-09b0-1dc4-a35f-bc6d33b0354d" source="95f58ce8-1b8b-24ad-0399-1dfb0b07c043" target="145a53cc-056c-6a85-b4e7-5f39cc28114e" edge="1">
      <mxGeometry relative="1" as="geometry">
        <mxPoint x="357" y="130" as="sourcePoint"/>
        <mxPoint x="596" y="129.5" as="targetPoint"/>
      </mxGeometry>
    </mxCell>
    <rule name="sendEmail" properties="{&quot;properties.to&quot;:&quot;${from}&quot;,&quot;properties.subject&quot;:&quot;${subject}&quot;,&quot;properties.from&quot;:&quot;&quot;,&quot;properties.inReplyTo&quot;:&quot;&quot;,&quot;properties.html&quot;:&quot;true&quot;,&quot;properties.sms&quot;:&quot;false&quot;,&quot;properties.body&quot;:&quot;Ref No: ${Issue_No}\n\nWe have received your request and will respond as soon as possible. This is an automated notification from Versma, please do not reply to this email.\n\nVersma Garrun Management Services (Pty) Ltd \nLicensed Financial Services Provider \nTel: 021 945 4376\n&quot;,&quot;properties.attachSource&quot;:&quot;false&quot;,&quot;properties.attachAttachments&quot;:&quot;false&quot;,&quot;properties.attachPdf&quot;:&quot;false&quot;,&quot;properties.attachLinks&quot;:&quot;false&quot;,&quot;properties.index&quot;:&quot;&quot;}" label="Email Recieved Notification" id="c419273b-c4bd-839d-bc66-377257f3e198">
      <mxCell style="image;image=images/send_email.png" parent="3b3b7a6f-09b0-1dc4-a35f-bc6d33b0354d" vertex="1">
        <mxGeometry x="153" y="192" width="38" height="38" as="geometry"/>
      </mxCell>
    </rule>
    <rule name="runScript" properties="{&quot;properties.sync&quot;:&quot;false&quot;,&quot;properties.script&quot;:&quot;&quot;,&quot;properties.path&quot;:&quot;System/scripts/existingItemScript.groovy&quot;}" label="Check For Exiting Item" id="cf9248b5-30af-67b9-ebd5-4433787479b9">
      <mxCell style="image;image=images/script.png" parent="3b3b7a6f-09b0-1dc4-a35f-bc6d33b0354d" vertex="1">
        <mxGeometry x="906" y="242" width="38" height="38" as="geometry"/>
      </mxCell>
    </rule>
    <mxCell id="41438749-03f9-b921-a796-de728a01a78b" value="" parent="3b3b7a6f-09b0-1dc4-a35f-bc6d33b0354d" source="191c7489-0420-d06c-c48c-7fb46224e551" target="cf9248b5-30af-67b9-ebd5-4433787479b9" edge="1">
      <mxGeometry relative="1" as="geometry">
        <mxPoint x="816" y="261" as="sourcePoint"/>
        <mxPoint x="925" y="321" as="targetPoint"/>
      </mxGeometry>
    </mxCell>
    <rule name="file" properties="{}" label="File" id="c2ecf37c-21b6-9d5a-c316-31509425c4a8">
      <mxCell style="image;image=images/file.png" parent="3b3b7a6f-09b0-1dc4-a35f-bc6d33b0354d" vertex="1">
        <mxGeometry x="1425" y="111" width="38" height="38" as="geometry"/>
      </mxCell>
    </rule>
    <mxCell id="f21e2b42-d120-5448-02d0-820cd1f6296a" value="" parent="3b3b7a6f-09b0-1dc4-a35f-bc6d33b0354d" source="c2ecf37c-21b6-9d5a-c316-31509425c4a8" target="c7543ddb-a122-7095-d68f-fc83ef25c674" edge="1">
      <mxGeometry relative="1" as="geometry"/>
    </mxCell>
    <rule name="sendEmail" properties="{&quot;properties.to&quot;:&quot;${from}&quot;,&quot;properties.subject&quot;:&quot;Request Taken by ${consultant}&quot;,&quot;properties.from&quot;:&quot;&quot;,&quot;properties.inReplyTo&quot;:&quot;&quot;,&quot;properties.html&quot;:&quot;true&quot;,&quot;properties.sms&quot;:&quot;false&quot;,&quot;properties.body&quot;:&quot;Your request is being attended to by ${dispatchedBy}. This is an automated notification from Versma, please do not reply to this email.\n \nU versoek word deur ${consultant} hanteer. Hierdie is &#39;n automatiese kennisgewing van Versma, moet asb nie hierop antwoord nie.\n \nVersma Garrun Management Services (Pty) Ltd \nLicensed Financial Services Provider \nTel: 021 945 4376\n&quot;,&quot;properties.attachSource&quot;:&quot;false&quot;,&quot;properties.attachAttachments&quot;:&quot;false&quot;,&quot;properties.attachPdf&quot;:&quot;false&quot;,&quot;properties.attachLinks&quot;:&quot;false&quot;,&quot;properties.index&quot;:&quot;&quot;}" label="Email Taken" id="95f58ce8-1b8b-24ad-0399-1dfb0b07c043">
      <mxCell style="image;image=images/send_email.png" parent="3b3b7a6f-09b0-1dc4-a35f-bc6d33b0354d" vertex="1">
        <mxGeometry x="396" y="111" width="38" height="38" as="geometry"/>
      </mxCell>
    </rule>
    <mxCell id="64457ad8-5ae0-abf4-1cf5-05d5a56c7f54" value="" parent="3b3b7a6f-09b0-1dc4-a35f-bc6d33b0354d" source="3cf3d92f-0e0f-bc6b-77ba-b9f1a0df37b3" target="95f58ce8-1b8b-24ad-0399-1dfb0b07c043" edge="1">
      <mxGeometry relative="1" as="geometry">
        <mxPoint x="315" y="130" as="sourcePoint"/>
        <mxPoint x="514" y="130" as="targetPoint"/>
      </mxGeometry>
    </mxCell>
    <rule name="sendEmail" properties="{&quot;properties.to&quot;:&quot;${from}&quot;,&quot;properties.subject&quot;:&quot;Email Taken By ${consultant}&quot;,&quot;properties.from&quot;:&quot;&quot;,&quot;properties.inReplyTo&quot;:&quot;&quot;,&quot;properties.html&quot;:&quot;true&quot;,&quot;properties.sms&quot;:&quot;false&quot;,&quot;properties.body&quot;:&quot;Your request is being attended to by ${dispatchedBy}. This is an automated notification from Versma, please do not reply to this email.\n \nU versoek word deur ${consultant} hanteer. Hierdie is &#39;n automatiese kennisgewing van Versma, moet asb nie hierop antwoord nie.\n \nVersma Garrun Management Services (Pty) Ltd \nLicensed Financial Services Provider \nTel: 021 945 4376\n&quot;,&quot;properties.attachSource&quot;:&quot;false&quot;,&quot;properties.attachAttachments&quot;:&quot;false&quot;,&quot;properties.attachPdf&quot;:&quot;false&quot;,&quot;properties.attachLinks&quot;:&quot;false&quot;,&quot;properties.index&quot;:&quot;&quot;}" label="Email Taken" id="a5c1ab66-cb6e-1d4a-95b9-b06258b57aa6">
      <mxCell style="image;image=images/send_email.png" parent="3b3b7a6f-09b0-1dc4-a35f-bc6d33b0354d" vertex="1">
        <mxGeometry x="525" y="14" width="38" height="38" as="geometry"/>
      </mxCell>
    </rule>
    <mxCell id="26128e8f-1bcc-f92d-6cb7-53a7d08ec74b" value="" parent="3b3b7a6f-09b0-1dc4-a35f-bc6d33b0354d" source="d94e2a61-dd3b-31ac-f2ba-e9e32dd3b80b" target="a5c1ab66-cb6e-1d4a-95b9-b06258b57aa6" edge="1">
      <mxGeometry relative="1" as="geometry">
        <mxPoint x="357" y="33" as="sourcePoint"/>
        <mxPoint x="682" y="105.5" as="targetPoint"/>
      </mxGeometry>
    </mxCell>
    <task label="Amendment Queue" file="false" id="2467f69c-ae82-c1f3-c389-7178e6b7a467">
      <mxCell style="rectangle" vertex="1" parent="3b3b7a6f-09b0-1dc4-a35f-bc6d33b0354d">
        <mxGeometry x="132" y="110" width="80" height="40" as="geometry"/>
      </mxCell>
    </task>
    <mxCell id="e2714c84-aba4-7453-8cab-8fa7336e009c" value="" edge="1" parent="3b3b7a6f-09b0-1dc4-a35f-bc6d33b0354d" source="c419273b-c4bd-839d-bc66-377257f3e198" target="2467f69c-ae82-c1f3-c389-7178e6b7a467">
      <mxGeometry relative="1" as="geometry"/>
    </mxCell>
    <mxCell id="2933076c-ccba-7b4a-ff09-4a93e59a00d1" value="" edge="1" parent="3b3b7a6f-09b0-1dc4-a35f-bc6d33b0354d" source="2467f69c-ae82-c1f3-c389-7178e6b7a467" target="3cf3d92f-0e0f-bc6b-77ba-b9f1a0df37b3">
      <mxGeometry relative="1" as="geometry"/>
    </mxCell>
    <mxCell id="abb9537e-763a-6bcf-fad3-3b258ce8b929" value="" edge="1" parent="3b3b7a6f-09b0-1dc4-a35f-bc6d33b0354d" source="2467f69c-ae82-c1f3-c389-7178e6b7a467" target="d94e2a61-dd3b-31ac-f2ba-e9e32dd3b80b">
      <mxGeometry relative="1" as="geometry">
        <Array as="points">
          <mxPoint x="172" y="33"/>
        </Array>
      </mxGeometry>
    </mxCell>
  </root>
</mxGraphModel>
